Model,MAE,RMSE,R2
XGBoost,0.6759766724926454,1.0750792651146959,0.4503834865355298
Random Forest,0.6856480373290306,1.0936069276016163,0.42745319246871766
Ridge Regression,0.786367675409212,1.0836044977033843,0.43934358447266614
