Model,Accuracy,F1
XGBoost,0.5652777777777778,0.5538173220913368
Random Forest,0.5805555555555556,0.5393770223320032
Logistic Regression,0.5731481481481482,0.5106122627195424
