Feature,VIF
elo_host_boost,123.9936071240124
host,64.6015915297705
attack_efficiency,63.82526484794819
elo_rating,51.91144020711605
goals_scored_per_game,29.559545564466585
win_percentage_since_last_cup,23.415885590381617
points_per_game,9.770399429617033
goals_conceded_per_game,2.434231926362318
previous_wc_finish,1.9436558831250608
confederation_encoded,1.772329512328487
