Model,Avg MAE,Avg R2
Random Forest,0.7560972222222222,0.4104178254872962
XGBoost,0.7861815826760398,0.2783864051969342
Linear Regression,0.879254361871418,0.32609520326753677
